id,name,slug,category,address,phone,website,opening_hours,latitude,longitude,google_place_id,osm_id,osm_match_confidence
apify-ChIJEdOiMPjxGA0RrxWZwXMy2Gw,A Adega,a-adega,Restaurante,"R. Dr. Guilherme Nunes Godinho, 2080-562 Fazendas de Almeirim, Portugal",+351966679820,,,39.1834052,-8.5912663,ChIJEdOiMPjxGA0RrxWZwXMy2Gw,,
apify-ChIJN9OMwTPxGA0RIzH-fk0bb7o,A Tasca do Bronze,a-tasca-do-bronze,Restaurante,"Rua de Coruche 141, 2080-094 Almeirim, Portugal",+351243107950,,,39.2036441,-8.6284277,ChIJN9OMwTPxGA0RIzH-fk0bb7o,,
apify-ChIJt22kyxLlGA0R5nUOay1Un9k,A Vieirinha de Benfica,a-vieirinha-de-benfica,Restaurante,"R. Direita 272, 2080-998, Portugal",+351243581333,https://pt-pt.facebook.com/pages/category/Portuguese-Restaurant/Vieirinha-de-Benfica-1150716428319847/,,39.1413555,-8.6909124,ChIJt22kyxLlGA0R5nUOay1Un9k,,
apify-ChIJfzzdx6LwGA0RSEM8WsIMwRg,Adega Novo Conceito,adega-novo-conceito,Adega,"R. João de Deus 80, 2080-576 Fazendas de Almeirim, Portugal",+351243103772,,,39.1790926,-8.5927375,ChIJfzzdx6LwGA0RSEM8WsIMwRg,,
9762a71a4e49,Amigos do Tacho,amigos-do-tacho,Restaurante,"Rua de Alpiarça, 2080-091, Almeirim",+351933161529,https://www.facebook.com/amigosdotacho,,39.2158629,-8.6216289,ChIJA5lPKqnxGA0RXeYalZiFy54,node-12697287553,1
apify-ChIJZbxVHVDwGA0RVrjKQWW3Zkg,António G Oliveira Caeiro (almeirim),antonio-g-oliveira-caeiro-almeirim,Restaurante,"Rua de Coruche 141, 2080-174 Almeirim, Portugal",+351243597505,,,39.2077444,-8.6317879,ChIJZbxVHVDwGA0RVrjKQWW3Zkg,,
apify-ChIJvZfmslHwGA0RfA_pIeFz60U,"Artur Correia Da Silva & Filhos, Lda.",artur-correia-da-silva-filhos-lda,Restaurante,"R. Ilha da Madeira 16, 2080-030 Almeirim, Portugal",+351243579797,,,39.2011533,-8.6259546,ChIJvZfmslHwGA0RfA_pIeFz60U,,
apify-ChIJubjwglnwGA0RlPfNuXR34Q8,Bagga,bagga,Restaurante,"Rua do Matadouro Municipal 119, 2080-000 Almeirim, Portugal",+351243594410,http://www.bagga.pt/,,39.1957908,-8.6210242,ChIJubjwglnwGA0RlPfNuXR34Q8,,
c08e70a0d832,Bar Ponto G.,bar-ponto-g,cafe,Almeirim,,,,39.2134539,-8.6194875,,way-506045240,1
apify-ChIJh9YeCd_xGA0RbfqZPt0SyS8,Boavida Bar,boavida-bar,Café,"R. Dom João IV 52, Fazendas de Almeirim, Portugal",+351243596372,,,39.1791683,-8.5818636,ChIJh9YeCd_xGA0RbfqZPt0SyS8,,
39190f0ca94c,Bodega El Touciño,bodega-el-toucino,cafe,Almeirim,,,,39.2032113,-8.6271401,,node-4396463675,1
apify-ChIJizaPv2PxGA0Rj4WCyAoRIbA,"Bom café ""café motard""",bom-cafe-cafe-motard,Lanchonete,"R. de Alpiarça, 2080-091 Almeirim, Portugal",,https://www.facebook.com/share/1F689JiKbh/,,39.2115114,-8.6259431,ChIJizaPv2PxGA0Rj4WCyAoRIbA,,
e166273c4fbc,Café a Flor,cafe-a-flor,cafe,Almeirim,,,,39.209079,-8.6295294,,way-506127312,1
apify-ChIJz-glwb3wGA0RUP3TH0J6ChY,Café Até K Enfim,cafe-ate-k-enfim,Lanchonete,"R. Mal. Craveiro Lopes 10, Fazendas de Almeirim, Portugal",,,,39.18378,-8.592495,ChIJz-glwb3wGA0RUP3TH0J6ChY,,
apify-ChIJaVCz66rxGA0RknnzI4GYwz8,Cafe Cantinho Da Amizade,cafe-cantinho-da-amizade,Café,"Almeirim, Portugal",,,,39.2103022,-8.6176461,ChIJaVCz66rxGA0RknnzI4GYwz8,,
apify-ChIJU5_zILPxGA0Rk0eHY5yB78U,Café Central,cafe-central,Café,"R. Manuel Andrade 11, 2080-125 Almeirim, Portugal",,,,39.2090056,-8.6299173,ChIJU5_zILPxGA0Rk0eHY5yB78U,,
apify-ChIJb82tjhtYGA0Rs5ZC0pClAjs,Café Cervejaria,cafe-cervejaria,Café,"Fazendas de Almeirim, Portugal",,,,39.1839332,-8.4695323,ChIJb82tjhtYGA0Rs5ZC0pClAjs,,
apify-ChIJNW83VTX4GA0R31kjGXX5kgY,Café Cigano,cafe-cigano,Lanchonete,"R. Moinho de Vento 207, Paço dos Negros, 2080-640 Fazendas de Almeirim, Portugal",+351243595482,,,39.1538624,-8.5275063,ChIJNW83VTX4GA0R31kjGXX5kgY,,
apify-ChIJ33gOAh3xGA0RQuRD7jOPAyY,Café da Padilha,cafe-da-padilha,Confeitaria,"R. Adelino Novais Branco 12 2080, Almeirim, Portugal",,,,39.215089,-8.6227047,ChIJ33gOAh3xGA0RQuRD7jOPAyY,,
apify-ChIJ58bCP_fxGA0R-X64-xxWPBI,Café da tininha,cafe-da-tininha,Cafeteria,"R. Bernardo Gonçalves 84 Fração/E j, 2080-000 Almeirim, Portugal",+351938075181,,,39.208921,-8.6254504,ChIJ58bCP_fxGA0R-X64-xxWPBI,,
apify-ChIJw7XWW6z7GA0RMshGR9iCSjc,Café da Zezita,cafe-da-zezita,Cafeteria,"R. Cel. António Manuel Batista 190, Fazendas de Almeirim, Portugal",,,,39.1700733,-8.5724576,ChIJw7XWW6z7GA0RMshGR9iCSjc,,
apify-ChIJv8Nhy6_wGA0Rdb2LLDvfE-s,Café Doce Lima,cafe-doce-lima,Café,"R. João da Silva Pombas 103, Fazendas de Almeirim, Portugal",+351243599330,,,39.1796142,-8.5804829,ChIJv8Nhy6_wGA0Rdb2LLDvfE-s,,
apify-ChIJrbzUH9HxGA0R4wEdNP8khcY,Café e Petiscos O Pétó,cafe-e-petiscos-o-peto,Petiscaria,"R. Augusto do Carmo Ribeiro 5, 2080-063 Almeirim, Portugal",+351930502991,https://www.facebook.com/profile.php?id=61557662187699,,39.2050999,-8.623237,ChIJrbzUH9HxGA0R4wEdNP8khcY,,
apify-ChIJbYnEEbPxGA0R_fKjXLRBCu4,Café Império,cafe-imperio,Café,"R. Mal. Gomes da Costa 1, 2080-155 Almeirim, Portugal",+351243592196,,,39.2097484,-8.6307668,ChIJbYnEEbPxGA0R_fKjXLRBCu4,way-506274137,0.6
apify-ChIJiUrcmq7xGA0RHgg3EToRxVc,Café Motard,cafe-motard,Restaurante,"Almeirim, Portugal",,,,39.2140786,-8.6235707,ChIJiUrcmq7xGA0RHgg3EToRxVc,,
apify-ChIJd-zpeZfwGA0R4id_4eXMhME,Café Ponto de Encontro,cafe-ponto-de-encontro,Café,"R. Mal. Craveiro Lopes 2080, Fazendas de Almeirim, Portugal",+351936797061,,,39.1799548,-8.5971101,ChIJd-zpeZfwGA0R4id_4eXMhME,,
apify-ChIJGaVCm937GA0Rb9O5T0sFUhw,Cafe Restaurante Toca Da Raposa,cafe-restaurante-toca-da-raposa,Restaurante,"2080-701, Portugal",,,,39.1090573,-8.5799537,ChIJGaVCm937GA0Rb9O5T0sFUhw,,
apify-ChIJZTu7QmvlGA0RfDpqNwUxsuQ,Café Snack-Bar O Guerra,cafe-snack-bar-o-guerra,Café,"2080-329, Portugal",,,,39.1429581,-8.6867928,ChIJZTu7QmvlGA0RfDpqNwUxsuQ,,
apify-ChIJJe0Md7T5GA0RqIcDQyZ2jjs,Café taskilouko,cafe-taskilouko,Café,"Fazendas de Almeirim, Portugal",+351933622710,,,39.1482439,-8.5316866,ChIJJe0Md7T5GA0RqIcDQyZ2jjs,,
apify-ChIJH8L2eHfxGA0Re4gqUbWSebE,Cantinho da Praça,cantinho-da-praca,Restaurante de gastronomia latino-americana moderna,"Lg. da Pç. de Touros, 2080-030 Almeirim, Portugal",+351963556806,http://www.zaccafe.com/,,39.201459,-8.6273586,ChIJH8L2eHfxGA0Re4gqUbWSebE,,
apify-ChIJ3SANF7HwGA0Rw5QoGUZta0I,Canto Negro Cafe-Snack Bar,canto-negro-cafe-snack-bar,Café,"R. 24 de Julho 164, Fazendas de Almeirim, Portugal",,,,39.1843214,-8.5794806,ChIJ3SANF7HwGA0Rw5QoGUZta0I,,
apify-ChIJAQAAADTlGA0Rq8uxdfeY9-Y,"Carmo & Apolinario, Lda.",carmo-apolinario-lda,Restaurante,"Rua D. Eugenia Manuel, 53, Benfica Do Ribatejo, Santarém, Portugal",+351243589667,,,39.1381464,-8.6655592,ChIJAQAAADTlGA0Rq8uxdfeY9-Y,,
apify-ChIJjW4APU7wGA0RcW4yfJl7vfc,Casa das Caralhotas,casa-das-caralhotas,Lanchonete,"Almeirim, Portugal",+351243595772,https://casadascaralhotas.shop/,,39.2014534,-8.6279541,ChIJjW4APU7wGA0RcW4yfJl7vfc,,
apify-ChIJezQAOprwGA0RUSYoqFks8kw,Casa verde,casa-verde,Café,"2080-588 Fazendas de Almeirim, Portugal",,,,39.1771961,-8.6006036,ChIJezQAOprwGA0RUSYoqFks8kw,,
apify-ChIJGXoK8a7wGA0RkejVKS5q7p4,Casinha do Páteo,casinha-do-pateo,Café,"R. de São José, 2080-547 Fazendas de Almeirim, Portugal",+351243592344,,,39.1775625,-8.5793798,ChIJGXoK8a7wGA0RkejVKS5q7p4,node-8606358778,0.9
apify-ChIJeW107LLxGA0RA0Aw7wSEHuw,Churrasqueira Do Mercado (almeirim),churrasqueira-do-mercado-almeirim,Churrascaria,"Mercado Municipal, 2080-030 Almeirim, Portugal",+351243592159,,,39.2076332,-8.6258357,ChIJeW107LLxGA0RA0Aw7wSEHuw,,
apify-ChIJP2VLX0HxGA0RXysPbncoz2A,"Churrasqueira Frango da Horta ""o primo""",churrasqueira-frango-da-horta-o-primo,Restaurante,"R. Dr. Guilherme Nunes Godinho 109, 2080-562 Fazendas de Almeirim, Portugal",+351916671907,,,39.1850359,-8.5934588,ChIJP2VLX0HxGA0RXysPbncoz2A,,
apify-ChIJPQg-9bzwGA0RxViTvvaZ6Zg,Churrasqueira O Ilha,churrasqueira-o-ilha,Churrascaria,"R. Dr. Guilherme Nunes Godinho, Fazendas de Almeirim, Portugal",+351243599154,,,39.184566,-8.5931738,ChIJPQg-9bzwGA0RxViTvvaZ6Zg,,
apify-ChIJ9UEhuk3wGA0RRpo3HrATtYQ,Cisco - Cozinha Tradicional,cisco-cozinha-tradicional,Restaurante,"Rua do Matadouro Municipal 67, 2080-107 Almeirim, Portugal",+351930569289,,,39.2001501,-8.6254652,ChIJ9UEhuk3wGA0RRpo3HrATtYQ,,
apify-ChIJ0foKLm3lGA0RHRmHp8Sebg4,Constantino das Enguias,constantino-das-enguias,Restaurante,"R. do Campo da Bola 25, 2080-400, Portugal",+351243589156,https://www.facebook.com/Restaurante-Constantino-das-Enguias-404108593036757/,,39.1237886,-8.6529507,ChIJ0foKLm3lGA0RHRmHp8Sebg4,,
apify-ChIJpaivsrLxGA0RcFBxLsoI9vc,"Convivio Grupo Quatro - Pastelaria, Lda.",convivio-grupo-quatro-pastelaria-lda,Confeitaria,"R. Dionísio Saraiva 51, 2080-104 Santarém, Portugal",+351243592806,,,39.2081591,-8.6277063,ChIJpaivsrLxGA0RcFBxLsoI9vc,,
apify-ChIJm1QnGjzlGA0RpiotinJVtns,Cortiçóis,corticois,restauração,"2080-392 Almeirim, Portugal",,,,39.1367036,-8.6775921,ChIJm1QnGjzlGA0RpiotinJVtns,,
apify-ChIJXc4-_k3wGA0RcJcrvK3A3os,David Parque,david-parque,Restaurante,"Largo da Praça de Toiros, 15 030, Almeirim, Portugal",+351243591475,https://www.tripadvisor.pt/ShowUserReviews-g2589401-d5959244-r409892104-Restaurante_David_Parque-Almeirim_Santarem_District_Central_Portugal.html,,39.2022977,-8.6274939,ChIJXc4-_k3wGA0RcJcrvK3A3os,,
apify-ChIJdUhf9MfxGA0RNyWAJmXfeXo,Doce Limão,doce-limao,Espresso bar,"R. Gen. Humberto Delgado 2, 2080-171 Almeirim, Portugal",,,,39.2095348,-8.6226881,ChIJdUhf9MfxGA0RNyWAJmXfeXo,,
apify-ChIJF3u8iLLxGA0R0LCN5K9YGzc,Doce Pecado,doce-pecado,Café,"R. 5 de Outubro 110 120, 2080-109 Almeirim, Portugal",,,,39.2100934,-8.6276634,ChIJF3u8iLLxGA0R0LCN5K9YGzc,,
apify-ChIJEW0h_7LxGA0Rj6s7hlKGrPg,Dona Amália,dona-amalia,Café,"2080-052 Almeirim, Portugal",,,,39.2103602,-8.629523,ChIJEW0h_7LxGA0Rj6s7hlKGrPg,,
apify-ChIJB2nWuhTlGA0RI7TUfKiIY3g,Edmundo e Almeida Domingos,edmundo-e-almeida-domingos,Café,"R. 1º de Maio 37, 2080-400, Portugal",+351243589357,http://www.edmundodomingos.pt/,,39.1241083,-8.6587049,ChIJB2nWuhTlGA0RI7TUfKiIY3g,,
apify-ChIJZ5BbPgDlGA0RNu_tvVM8vcA,Elétrico da Azeitada,eletrico-da-azeitada,Restaurante,"R. Nova da Azeitada, 2080-303 Azeitada, Portugal",+351936236004,,,39.1570252,-8.6679528,ChIJZ5BbPgDlGA0RNu_tvVM8vcA,,
apify-ChIJTxuk9yf7GA0ROJuBqT3HdlM,Escondidinho café restaurante,escondidinho-cafe-restaurante,Café,"R Edmundo Manuel Loureiro Da Gaga, 2080-400 Almeirim, Portugal",+351916579891,,,39.1238054,-8.6482504,ChIJTxuk9yf7GA0ROJuBqT3HdlM,,
apify-ChIJaYxSx4DxGA0RPQMmgT-Ug_4,Falaq kebab e pizzaria,falaq-kebab-e-pizzaria,Pizzaria,"R. Manuel Andrade 13, 2080-162 Almeirim, Portugal",+351911043407,,,39.2088982,-8.6298031,ChIJaYxSx4DxGA0RPQMmgT-Ug_4,,
apify-ChIJIzQgWbPxGA0RKfqoGgXFkJk,FIDELIDADE,fidelidade,Restaurante,"2080-159 Almeirim, Portugal",,,,39.208623,-8.6323798,ChIJIzQgWbPxGA0RKfqoGgXFkJk,,
apify-ChIJQW2TZbPxGA0R6i2CxXhGPT4,Fiuza & Bright,fiuza-bright,Vinícola,"Largo Gen. Guerra nº2, 2080-184 Almeirim, Portugal",+351243597491,http://www.fiuzawines.pt/,,39.2100054,-8.6324089,ChIJQW2TZbPxGA0R6i2CxXhGPT4,,
apify-ChIJMxBgJQDxGA0Rmp3gFCDRTjs,Fonte Nova caffé bar,fonte-nova-caffe-bar,Lanchonete,"R. do Campo da Bola, 2080-008 Almeirim, Portugal",+351919881477,,,39.2113943,-8.6159655,ChIJMxBgJQDxGA0Rmp3gFCDRTjs,,
apify-ChIJX-vuoALxGA0RRvpZEFH6JCM,Genki Sushi Almeirim,genki-sushi-almeirim,restauração,"Portugal, PT Almeirim Rua de Timor n*19邮政编码: 2080-103",+351243599083,,,39.2033776,-8.6273154,ChIJX-vuoALxGA0RRvpZEFH6JCM,,
apify-ChIJT_UAvKzxGA0RgoodA5yXuGo,Grão De Café,grao-de-cafe,Café,"R. Gen. Humberto Delgado, 2080-062 Almeirim, Portugal",,,,39.2094151,-8.6225477,ChIJT_UAvKzxGA0RgoodA5yXuGo,,
apify-ChIJaVWi3rPxGA0RL5m0tmb5m6g,Hambúrgueria Churrasqueira Fogo Santo,hamburgueria-churrasqueira-fogo-santo,Restaurante,"Praça da República 8, 2080-044 Almeirim, Portugal",+351936466344,https://instagram.com/fogosantoalmeirim?igshid=YmMyMTA2M2Y=,,39.2100132,-8.6303807,ChIJaVWi3rPxGA0RL5m0tmb5m6g,,
fc39d06d9cfd,Império,imperio,cafe,Almeirim,,,,39.2097484,-8.6307668,,way-506274137,1
apify-ChIJUYIzPlzxGA0Rbkvx66W9UAk,Janeiro das Marmitas,janeiro-das-marmitas,Restaurante de comida natural,"Praceta Ten-Cel. Salgueiro Maia Loja 1A, 2080-000 Almeirim, Portugal",+351913648659,https://restaurantesojaneiro.pt/,,39.2053973,-8.623413,ChIJUYIzPlzxGA0Rbkvx66W9UAk,,
apify-ChIJc55XoK3xGA0ReNfO47vPFmI,Janeiro Original,janeiro-original,Restaurante,"R. dos Aliados n13 C, 2080-116 Almeirim, Portugal",+351968833340,https://restaurantesojaneiro.pt/,,39.2109449,-8.6255287,ChIJc55XoK3xGA0ReNfO47vPFmI,,
apify-ChIJOYfnEUvwGA0RQmTyoOzOGio,Jaquim d'Adelina,jaquim-d-adelina,Restaurante de frutos do mar,"Tv. de São Roque, 2080-098 Almeirim, Portugal",+351243593412,https://www.facebook.com/profile.php?id=100014313514161&fref=ts,,39.2056724,-8.6343664,ChIJOYfnEUvwGA0RQmTyoOzOGio,,
apify-ChIJDfDluK3xGA0RY5dNlhy3X0w,Juhuilou,juhuilou,Restaurante chinês,"Rua do Matadouro Municipal 45A, 2080-107 Almeirim, Portugal",+351243593837,https://www.facebook.com/juhuilou/,,39.2009787,-8.6263279,ChIJDfDluK3xGA0RY5dNlhy3X0w,,
apify-ChIJK17KqGzxGA0RbEYEb_NQbIw,Kebab Istanbul Almeirim,kebab-istanbul-almeirim,Restaurante,"R. Manuel Andrade 13, 2080-162 Almeirim, Portugal",+351210805058,,,39.2088982,-8.6298031,ChIJK17KqGzxGA0RbEYEb_NQbIw,,
apify-ChIJN4eHn97xGA0RVI1xhVNkUzw,Liz Burguer Premium,liz-burguer-premium,Hamburgueria,"Zona Industrial Almeirim lote 65, 2080-222 Almeirim, Portugal",+351926708322,,,39.1929543,-8.6180815,ChIJN4eHn97xGA0RVI1xhVNkUzw,,
apify-ChIJ1VrSBj7xGA0Rawz3IlULpXE,Maçã de Adão,maca-de-adao,Café,"Tv. da Olaria, 2080-065 Almeirim, Portugal",,,,39.20952,-8.6292445,ChIJ1VrSBj7xGA0Rawz3IlULpXE,,
apify-ChIJl58W5YbxGA0RKPXHReal7vM,Mercearia de Almeirim,mercearia-de-almeirim,Restaurante,"R. Conde da Taipa n° 8, 2080-067 Almeirim, Portugal",+351911723850,,,39.2117739,-8.626545,ChIJl58W5YbxGA0RKPXHReal7vM,,
apify-ChIJJYnMPbPxGA0RyHe4SByqoZU,Mestre Salsa,mestre-salsa,Confeitaria,"R. Dr. Óscar da Costa Neves 16, 2080-130 Almeirim, Portugal",+351963539967,http://www.mestresalsa.com/,,39.21044,-8.6287788,ChIJJYnMPbPxGA0RyHe4SByqoZU,,
apify-ChIJq6ppo1PwGA0RGtTFcVgn85Q,Mr King Kebab & Pizza House,mr-king-kebab-pizza-house,Restaurante,"Praça Tn Coronel Salgueiro Maia, n°5, 2080-049 Almeirim, Portugal",+351920202741,,,39.2052943,-8.6232865,ChIJq6ppo1PwGA0RGtTFcVgn85Q,,
apify-ChIJC4LoThfxGA0RLiru60XDk2A,News,news,Restaurante,"Praça Lourenço de Carvalho 7, 2080-043 Almeirim, Portugal",+351918470238,,,39.2081635,-8.6283939,ChIJC4LoThfxGA0RLiru60XDk2A,,
apify-ChIJcxlF-pnwGA0R3muJOfznsuI,Nicola Cafetaria,nicola-cafetaria,Café,"Fazendas de Almeirim, Portugal",,,,39.1787006,-8.5991114,ChIJcxlF-pnwGA0R3muJOfznsuI,,
apify-ChIJNa3b_avxGA0R0kS4C9V3EHM,O Alaska,o-alaska,Restaurante,"Avenida Dom João I 22, 2080-014 Almeirim, Portugal",+351243055355,,,39.2136234,-8.6212853,ChIJNa3b_avxGA0R0kS4C9V3EHM,,
apify-ChIJL_AqTbPxGA0RtDqUrqhQneA,O Bago,o-bago,Confeitaria,"Rua de Coruche 11, 2080-038 Almeirim, Portugal",+351243596347,,,39.2073583,-8.6311183,ChIJL_AqTbPxGA0RtDqUrqhQneA,,
apify-ChIJz2zZmq7xGA0ReWEs6ff_b7E,O Bom Café,o-bom-cafe,Café,"Almeirim, Portugal",,,,39.2140455,-8.6235693,ChIJz2zZmq7xGA0ReWEs6ff_b7E,,
apify-ChIJ7Y3zfADxGA0RgHHWbVDYXA0,O Cantinho Da Carla,o-cantinho-da-carla,Confeitaria,"R. dos Aliados 123, 2080-116 Almeirim, Portugal",,,,39.2090075,-8.6210358,ChIJ7Y3zfADxGA0RgHHWbVDYXA0,,
apify-ChIJKRVQTwDxGA0Rh9ff9xPeGVs,O Cantinho do Miguel,o-cantinho-do-miguel,Café,"R. Francisco de Hollanda 20, 2080-192 Almeirim, Portugal",+351912421120,,,39.2146455,-8.6262028,ChIJKRVQTwDxGA0Rh9ff9xPeGVs,,
apify-ChIJGeKUWnHxGA0RqtCnbPbvIco,O Canto do Patrão,o-canto-do-patrao,Pizzaria,"Rua Padre Eduardo da Silva n 208, 2080-517 Fazendas de Almeirim, Portugal",+351912031678,,,39.1780441,-8.5878009,ChIJGeKUWnHxGA0RqtCnbPbvIco,,
d77efde1c0c1,o Capeto,o-capeto,Restaurante,Almeirim,+351 932 125 511,,,39.2084311,-8.619568,ChIJ79SeylTwGA0RNmUSxesXpx8,node-7661614585,1
apify-ChIJIyt6o2zlGA0RtT8r8ecdDR8,O Fatita,o-fatita,Churrascaria,"R. Direita 210, 2080-329 EN118, Portugal",+351243581339,,,39.1426799,-8.6881668,ChIJIyt6o2zlGA0RtT8r8ecdDR8,,
3176c0f3a579,O Forno,o-forno,Restaurante,"Largo da Praça de Touros 23, 2080-030, Almeirim",+351 243 241 163,http://www.restauranteoforno.pt/,,39.2022,-8.6273832,ChIJkeDYuVLwGA0RGFIDDMEpmHM,node-12907400733,1
apify-ChIJqQd6UVDwGA0RoAbNkHGLUyQ,O Galinha,o-galinha,Restaurante,"R. Ilha da Madeira 16 j, 2080-078 Almeirim, Portugal",+351243595446,,,39.2004271,-8.6249573,ChIJqQd6UVDwGA0RoAbNkHGLUyQ,,
apify-ChIJdVVYzlHwGA0RFoaIeGI6jdI,O Janeiro da Praça,o-janeiro-da-praca,Restaurante,"Rua do Matadouro Municipal 57, 2080-107 Almeirim, Portugal",+351962714974,https://restaurantesojaneiro.pt/,,39.2005342,-8.6257393,ChIJdVVYzlHwGA0RFoaIeGI6jdI,,
b89760476266,O Minhoto,o-minhoto,restaurant,"Rua de Timor 4, 2080-103, Almeirim",,,,39.2031156,-8.6271495,,node-12897345667,1
apify-ChIJM0-o_03wGA0RO7OITXshbok,O Minhoto (Sopa da Pedra),o-minhoto-sopa-da-pedra,Restaurante,"Rua de Timor 4, 2080-103, Almeirim",+351243592057,https://www.facebook.com/pages/O-Minhoto/1880945548883678,,39.2031156,-8.6271495,ChIJM0-o_03wGA0RO7OITXshbok,node-12897345667,0.58
3a0942d891c9,O Pinheiro,o-pinheiro,Restaurante português,"Largo da Praça de Touros 41, 2080-030, Almeirim",+351243592052,https://www.facebook.com/Restaurante-O-Pinheiro-125080587561562,,39.2014826,-8.6267976,ChIJz7_B3lHwGA0R0rhoQ-RMoSg,node-12907516221,1
5875f345408c,O Poço Velho,o-poco-velho,bar,Almeirim,,,,39.2068834,-8.629605,,way-506131961,1
83fdb1a1ff38,O Toucinho,o-toucinho,Restaurante,"Rua de Macau 12, 2080-095, Almeirim",+351 243 592 237,http://www.toucinho.com/,,39.2031544,-8.6273113,ChIJEeKYWQ7xGA0RQlHkz5I6Iyo,node-12892154947,1
apify-ChIJTQR10TflGA0RzSn6J1gQemM,O Vital - Café Marisqueira,o-vital-cafe-marisqueira,Espresso bar,"Rua Doutor António Moita, Cortiçóis, 2080-328, Portugal",+351243589410,,,39.1379414,-8.6776057,ChIJTQR10TflGA0RzSn6J1gQemM,,
apify-ChIJXdHABU7wGA0R28xAS06_jfY,O Zézano,o-zezano,Restaurante,"2080-030 Almeirim, Portugal",+351243509281,,,39.2025293,-8.6276441,ChIJXdHABU7wGA0R28xAS06_jfY,,
apify-ChIJydC3QLzwGA0RtoQ0Gc8bQQ4,Olympus Bar,olympus-bar,Bar,"R. Dr. José Mauricio de Carvalho 15, 2080-563 Fazendas de Almeirim, Portugal",+351962356639,https://wwwbar.de/olympus-bar/,,39.1837388,-8.5903988,ChIJydC3QLzwGA0RtoQ0Gc8bQQ4,,
apify-ChIJ6UHYLADxGA0R6gU1VrMpkQs,Os Bifanástikos,os-bifanastikos,Restaurante,"R. Mal. Craveiro Lopes 152, 2080-588 Fazendas de Almeirim, Portugal",+351933674116,https://www.facebook.com/share/1BDbxA3bDT/,,39.1792069,-8.5982999,ChIJ6UHYLADxGA0R6gU1VrMpkQs,,
apify-ChIJU0IEcAD7GA0RlZcYV8O8MnY,Padaria Pastelaria Pinto,padaria-pastelaria-pinto,Confeitaria,"R. Direita 31, 2080, Portugal",,,,39.1265486,-8.6504044,ChIJU0IEcAD7GA0RlZcYV8O8MnY,,
apify-ChIJ2__Y9r7xGA0RYJAaiD_GCH0,Padeirinha dos Leitões,padeirinha-dos-leitoes,Restaurante familiar,"Rua do Matadouro Municipal 53, 2080-107 Almeirim, Portugal",,https://www.padeirinhadosleitoes.pt/,,39.2006396,-8.6259426,ChIJ2__Y9r7xGA0RYJAaiD_GCH0,,
apify-ChIJO0tW4aTwGA0RFfr1nZr1ENY,Pastelaria Chamel,pastelaria-chamel,Confeitaria,"R. Dr. Guilherme Nunes Godinho 404, Fazendas de Almeirim, Portugal",+351243599142,,,39.1785982,-8.5861309,ChIJO0tW4aTwGA0RFfr1nZr1ENY,,
apify-ChIJW3gWyR_xGA0RoNj9v6ZfpVY,Pastelaria Snack Bar O Titanic,pastelaria-snack-bar-o-titanic,Confeitaria,"R. Dionísio Saraiva 19, 2080-104 Almeirim, Portugal",+351243593696,,,39.208585,-8.6282368,ChIJW3gWyR_xGA0RoNj9v6ZfpVY,,
apify-ChIJJXPlnFTwGA0RH4waKR4vBSk,Pastelaria Titanic,pastelaria-titanic,Restaurante,"R. Moinho de Vento, Almeirim, Portugal",,,,39.2067369,-8.6213718,ChIJJXPlnFTwGA0RH4waKR4vBSk,,
apify-ChIJEQZVFWfxGA0RtPtl-wjoyHA,Pátio dos Sabores,patio-dos-sabores,Restaurante,"Praça da República 8, 2080-044 Almeirim, Portugal",+351919413163,,,39.2100132,-8.6303807,ChIJEQZVFWfxGA0RtPtl-wjoyHA,,
apify-ChIJeW107LLxGA0RGOVd2CgUM6Y,Paulo's - Restaurante Marisqueira em Almeirim (Tradicional Sopa De Pedra),paulo-s-restaurante-marisqueira-em-almeirim-tradicional-sopa,Restaurante de frutos do mar,"Largo Praça Touros 11, 2080-030 Almeirim, Portugal",+351243592200,https://www.facebook.com/paulos.marisqueira,,39.2024655,-8.6276116,ChIJeW107LLxGA0RGOVd2CgUM6Y,,
apify-ChIJb0_n_qrxGA0Rg1WUKHt-U38,Petiscaria A Pipa,petiscaria-a-pipa,Restaurante,"R. de São José, Fazendas de Almeirim, Portugal",+351243597589,,,39.1769796,-8.5808203,ChIJb0_n_qrxGA0Rg1WUKHt-U38,,
apify-ChIJub2Ls6vxGA0Ra9bnOBhJtHo,Pizza Burguer,pizza-burguer,Restaurante,"Avenida Dom João I LT 48, 2080-014 Almeirim, Portugal",+351914962991,https://pizzaburguer.pt/,,39.2122647,-8.6190635,ChIJub2Ls6vxGA0Ra9bnOBhJtHo,,
apify-ChIJ89wcJ03wGA0RfpxRdMZQR5Y,Poço Velho,poco-velho,Bar,"R. do Pinhal 44, 2080-110 Almeirim, Portugal",+351919881477,https://poco-velho.localo.site/?utm_source=google_profile&utm_campaign=localo&utm_medium=mainlink,,39.2068834,-8.629605,ChIJ89wcJ03wGA0RfpxRdMZQR5Y,way-506131961,0.7
apify-ChIJUapuDGrlGA0RzgeIhdd2kmE,Primavera,primavera,Café,"R. Direita 36, 2080-329, Portugal",+351243589186,,,39.1459277,-8.6829008,ChIJUapuDGrlGA0RzgeIhdd2kmE,node-9943102429,0.9
apify-ChIJgbooBgLwGA0RBT1Rvg1Ahw4,Q.ta do Casal Branco,q-ta-do-casal-branco,restauração,"Almeirim, Portugal",,,,39.1701846,-8.659847,ChIJgbooBgLwGA0RBT1Rvg1Ahw4,,
apify-ChIJEyQXfvbvGA0RQPQW5doY51o,Quinta do Casal Branco,quinta-do-casal-branco,Adega,"Estrada Nacional 118, KM 69, 2080-187 Almeirim, Portugal",,http://www.casalbranco.com/,,39.1694481,-8.6597986,ChIJEyQXfvbvGA0RQPQW5doY51o,,
apify-ChIJX0f4WXH7GA0RhQCGuHm7p9M,Raposinha da Aldeia,raposinha-da-aldeia,Restaurante,"N114 N 45, 2080-701 Almeirim, Portugal",+351243010106,https://www.facebook.com/RaposinhaDaAldeia,,39.1095334,-8.579698,ChIJX0f4WXH7GA0RhQCGuHm7p9M,,
apify-ChIJTTgrzNPxGA0RwxFtll6J9AQ,Rei das coxinhas,rei-das-coxinhas,Restaurante,"R. Dr. Ernestino Conceição Rodrigues 13A, 2080-124 Almeirim, Portugal",+351937049332,https://www.facebook.com/reidacoxinhaalmerim,,39.2086129,-8.6213716,ChIJTTgrzNPxGA0RwxFtll6J9AQ,,
apify-ChIJKezuEFDxGA0Rjhd6ZHhMSxY,"Resposta Aventureira Unipessoal, Lda",resposta-aventureira-unipessoal-lda,Restaurante,"R. Dr. Guilherme Nunes Godinho, 2080-562 Fazendas de Almeirim, Portugal",+351927572349,,,39.1761247,-8.5839168,ChIJKezuEFDxGA0Rjhd6ZHhMSxY,,
apify-ChIJH8O_hvLxGA0ReEXjyX1rhfI,Restaurante Arcada Da Hortênsia,restaurante-arcada-da-hortensia,Restaurante,"R. Prof. Egas Moniz, 2080-108 Almeirim, Portugal",+351916479730,https://restaurantguru.com/Arcada-da-Hortensia-Almeirim,,39.2069572,-8.6175695,ChIJH8O_hvLxGA0ReEXjyX1rhfI,,
apify-ChIJ9wNC_0bxGA0RSRTZYRx6FMQ,Restaurante Cacho Dourado,restaurante-cacho-dourado,Restaurante,"R. Macau 11, 2080-095 Almeirim, Portugal",+351243053333,,,39.2033004,-8.6270015,ChIJ9wNC_0bxGA0RSRTZYRx6FMQ,,
apify-ChIJEw5p7qXwGA0R861vcmFlKp8,RESTAURANTE CANTINHO DOS AMIGOS,restaurante-cantinho-dos-amigos,Restaurante,"2080-562 Fazendas de Almeirim, Portugal",+351927572349,,,39.1760962,-8.5838918,ChIJEw5p7qXwGA0R861vcmFlKp8,,
apify-ChIJmVMnp6rxGA0RAbDJJOUdDZc,Restaurante japonês GINZA 8 Almeirim,restaurante-japones-ginza-8-almeirim,restauração,"PT, R. Infante Dom Henrique 185 C/D2080-145 Almeirim, Portugal",+351243592327,,,39.2105248,-8.6155307,ChIJmVMnp6rxGA0RAbDJJOUdDZc,,
apify-ChIJ7RNFParxGA0RhKnu8xFlPkw,Restaurante Marisqueira Gandarez,restaurante-marisqueira-gandarez,Restaurante,"Avenida Dom João I Nº 64, 2080-014 Almeirim, Portugal",+351918139131,,,39.213053,-8.6175177,ChIJ7RNFParxGA0RhKnu8xFlPkw,,
apify-ChIJIyh8llrlGA0Run3Qp0yfUlc,Restaurante O Amável,restaurante-o-amavel,Restaurante,"Estrada Nacional 118, 2080-403, Azeitada",+351243589271,,,39.1563841,-8.66916,ChIJIyh8llrlGA0Run3Qp0yfUlc,node-13012415033,0.708
apify-ChIJf8k0Z4zxGA0RULwlTmJixdk,Restaurante O Garfo,restaurante-o-garfo,Restaurante,"R. Moinho de Vento, 2080-014 Almeirim, Portugal",+351922216775,https://www.facebook.com/profile.php?id=100092348445051,,39.2059961,-8.6198329,ChIJf8k0Z4zxGA0RULwlTmJixdk,,
apify-ChIJKxR1j5bxGA0Rx7HSFdaxsO4,Restaurante Tia Kikas,restaurante-tia-kikas,Restaurante,"Rua de Santarém 23 31, 2080-099 Almeirim, Portugal",+351917406425,,,39.2111155,-8.6328577,ChIJKxR1j5bxGA0Rx7HSFdaxsO4,,
apify-ChIJWwURvUj4GA0RT5zAPFa6j18,Restaurante Tó-Zé,restaurante-to-ze,Restaurante,"Fazendas de Almeirim, Portugal",+351243595471,,,39.1502521,-8.5179986,ChIJWwURvUj4GA0RT5zAPFa6j18,,
apify-ChIJK3wUX937GA0R00olbDin8IE,Retiro da Bêbeda,retiro-da,Cafeteria,"592J+R9, Almeirim, Portugal",,,,39.152063,-8.6190159,ChIJK3wUX937GA0R00olbDin8IE,,
apify-ChIJLcqxzLLxGA0RZz6LcsTeOx8,Rhefugio's Bar,rhefugio-s-bar,Bar,"Praça Lourenço de Carvalho, 2080-043 Almeirim, Portugal",,,,39.2081601,-8.6290798,ChIJLcqxzLLxGA0RZz6LcsTeOx8,,
apify-ChIJ48ZyuQHxGA0RkEkk4_SGjSQ,Sabor Indiano,sabor-indiano,Restaurante indiano,"Praceta do Santíssimo 16E Bloco 16, 2080-045 Almeirim, Portugal",+351932745661,https://wwwcafe.de/sabor-indiano/,,39.2135295,-8.6216187,ChIJ48ZyuQHxGA0RkEkk4_SGjSQ,,
apify-ChIJLzyRFUX7GA0RjN8q1XvU5LA,Sabores Com Musica,sabores-com-musica,Restaurante,"N 114 36, 2080-159 Almeirim, Portugal",+351928099450,https://www.facebook.com/share/18djw7t63W/,,39.1107877,-8.5786382,ChIJLzyRFUX7GA0RjN8q1XvU5LA,,
apify-ChIJMVA7_GHxGA0R1JqQjcJE-cE,Salvador restaurante e Petiscos,salvador-restaurante-e-petiscos,Restaurante,"Praça da República, 2080-044 Almeirim, Portugal",+351910505961,,,39.2098402,-8.6295831,ChIJMVA7_GHxGA0R1JqQjcJE-cE,,
c04ab9f4cdaa,Silas,silas,restaurant,Almeirim,,,,39.2086221,-8.6303482,,way-506127240,1
apify-ChIJV63iL7PxGA0RtfyKcoju2D8,Silas Chef,silas-chef,Restaurante,"R. 5 de Outubro 27, 2080-052 Almeirim, Portugal",+351243599256,http://www.silaschef.pt/,,39.2086221,-8.6303482,ChIJV63iL7PxGA0RtfyKcoju2D8,way-506127240,0.6
apify-ChIJr7MBACvxGA0Rk4FMW-byNXc,SKS INDIAN Restaurant,sks-indian-restaurant,Restaurante indiano,"Unbanizacao, R. Vinha do Santissimo n° 11, 2080-083 Almeirim, Portugal",+351911858502,,,39.2132404,-8.6214809,ChIJr7MBACvxGA0Rk4FMW-byNXc,,
apify-ChIJx93CXWvlGA0RB0bteJfqxy4,Snack Bar,snack-bar,restauração,"2080-329, Portugal",,,,39.1428826,-8.6871338,ChIJx93CXWvlGA0RB0bteJfqxy4,,
apify-ChIJ47RoY7PxGA0RH1hxR5pQJeI,"Sociedade Agricola Quinta Das Chantas, Lda.",sociedade-agricola-quinta-das-chantas-lda,Vinícola,"Tv. do Vareta 10, 2080-184 Almeirim, Portugal",+351243592048,,,39.2096447,-8.6316957,ChIJ47RoY7PxGA0RH1hxR5pQJeI,,
apify-ChIJZbxVHVDwGA0RM6Frq3a50-o,Sopa da Pedra,sopa-da-pedra,Restaurante,Rua de Coruche 2,+351243053085,,,39.2075404,-8.6317784,ChIJZbxVHVDwGA0RM6Frq3a50-o,node-4968688722,0.99
52f3b729c50f,Sopa Da Pedro,sopa-da-pedro,restaurant,Rua de Coruche 2,+351243053085,,,39.2075404,-8.6317784,,node-4968688722,1
apify-ChIJj9DDhPHxGA0RHpmZOWHO--A,Suave Sabor,suave-sabor,Confeitaria,"Rua de Coruche 163 Rc esquerdo, 2080-094 Almeirim, Portugal",+351243592193,,,39.2031919,-8.6281386,ChIJj9DDhPHxGA0RHpmZOWHO--A,,
apify-ChIJoWqTfQD7GA0RmUb3cqwLZko,Tasca das Caricas,tasca-das-caricas,Petiscaria,"Tasca das Caricas, R. Cel. António Manuel Batista 176, 2080-537 Fazendas de Almeirim, Portugal",,,,39.1703053,-8.5729354,ChIJoWqTfQD7GA0RmUb3cqwLZko,,
apify-ChIJP0XXk6nxGA0R60WhIMaWc1U,Tasca do Salsa,tasca-do-salsa,Restaurante,"R. Nova 46 48, 2080-159 Almeirim, Portugal",+351932899104,,,39.2094556,-8.6326798,ChIJP0XXk6nxGA0R60WhIMaWc1U,,
apify-ChIJK1XTDKLxGA0RER9EohmndU8,Tasko d'Adega,tasko-d-adega,Restaurante,"R. João de Deus 78, 2080-576 Fazendas de Almeirim, Portugal",+351932035872,https://www.facebook.com/Tasko-dAdega-105723328559695,,39.179113,-8.5924263,ChIJK1XTDKLxGA0RER9EohmndU8,,
apify-ChIJ38bY11HwGA0RJaeI6gQPzcY,TAVERNA CAVALO PRETO,taverna-cavalo-preto,Restaurante,"Lg. da Pç. de Touros, 2080-030 Almeirim, Portugal",,,,39.200928,-8.6270567,ChIJ38bY11HwGA0RJaeI6gQPzcY,,
apify-ChIJG54iqqDxGA0ROMo-_CxBK9Y,Telepizza Almeirim,telepizza-almeirim,Pizzaria,"R. de Alpiarça 23, 2080-091 Almeirim, Portugal",+351243248174,https://www.telepizza.pt/pizzarias/detalles?sid=03681&store=telepizza-almeirim,,39.2120349,-8.62538,ChIJG54iqqDxGA0ROMo-_CxBK9Y,,
de15c1fb2d86,Tertulia da Quinta,tertulia-da-quinta,Restaurante,"Largo da Praça de Touros 37A, 2080-030, Almeirim",+351 243 593 008,http://tertuliadaquinta.com,,39.201704,-8.6270004,ChIJkeDYuVLwGA0RZDRJORwEbnM,node-12907400729,1
apify-ChIJY-7F9hTxGA0RTN303VQ1neU,Titanic comida caseira & Petisco,titanic-comida-caseira-petisco,Restaurante de brunch,"R. Dionísio Saraiva 19, 2080-104 Almeirim, Portugal",+351243596186,,,39.208585,-8.6282368,ChIJY-7F9hTxGA0RTN303VQ1neU,,
apify-ChIJXa1MBr7wGA0RHefAvovPFlc,Tou Em Casa- Grelha,tou-em-casa-grelha,Restaurante,"2080-516 Fazendas de Almeirim, Portugal",,,,39.1849723,-8.5935043,ChIJXa1MBr7wGA0RHefAvovPFlc,,
apify-ChIJDTntb-HxGA0RbbyX1YQVYLw,Trevo Pastelaria Snack-Bar,trevo-pastelaria-snack-bar,Restaurante,"N114, Almeirim, Portugal",,,,39.2310391,-8.6565496,ChIJDTntb-HxGA0RbbyX1YQVYLw,,
apify-ChIJcz5cqUXxGA0Rq3DNWACAZks,Vinha da padilha,vinha-da-padilha,Vinhedo,"Restaurante caravela, R. de Alpiarça, 2080-091 Almeirim, Portugal",+351918658145,,,39.2162777,-8.6217717,ChIJcz5cqUXxGA0Rq3DNWACAZks,,
